{"file_hashes":[{"block_hashes":["ZrlsJvJNvtuf1ibW7j/OLt4fnmBp3hf1s75vuVb0puU=","Y+tn3IG8zVwaw9+om0t8bxzStzWOHrQROseE3BCoA2c=","V05F552pYJcfNyH/kuCQVnKekwzhd+0T0P05i1GU7x0=","EWlvAHhIKmvkQmV2Ze8dZvjSD/5SMDUgw1aWJ1+Weus=","R5n3l8VmQxikQ4zy4FACJ+pLw33gBSgjX0KpP7BE/lI="],"block_size":4096,"path":"_locales/hy/messages.json"},{"block_hashes":["ezyeG83h6SXIdHYbXJq3Gwuf+aB7Xqce2j8NAsOdK8U=","7ECMHnjsJs7a27EpVs226ag9HvEuoOeNF1c9NqSy4xs="],"block_size":4096,"path":"_locales/no/messages.json"},{"block_hashes":["7702UYe3cuIXiw16xXOiL1F6CaJl4sk3RiXjmptBftM=","5Vy8Ma0Av7b+uNGv+VGYB0rWC0QHgAVeD5lyjER+G74=","KVd9zjLuh4W4zMWH4DdYtp+ifppaDIPVyAqQqlE1QCo=","OiWibK3AZzH2LAcF7Q69SB5o7LoJfRFSAqutz7JEtNk=","9ki8yBeFwoBPKuXiF5XpB/CpSJ3PKLtL1Fg+uktlGR4="],"block_size":4096,"path":"_locales/ur/messages.json"},{"block_hashes":["eAO+FDayeipWWvhA/JYo9Sjf6AQXiqu18iUSyLm9mDQ=","jyCa/PRHoixv9YthwlsKDOOhg/yiflHoR+9ZauOS78E=","Ld/uaCgZeBLj5cIJLMZdtnzVjY3qSWhmn4Xh7U4Uo+E=","4P54vbHSy0qztglLscef6WBv812p2ZvmZAflVAfE6ko=","TzSDmkcprNpxA8MkDsiIi6FcM6t3X4AfKcrvTR5VTBg=","LEXyP69y06YXLu3NiXu63lNCReVLUT5UNESUHMLGgSw=","oNbFqTTWfQfikpFv/ovcwwIunS58szO3h0YUAK/EkDc=","l6dhd8wCVFQg2cEaZ6f249Heba+ZqC7V0OAitUVqfkY=","1bLwXAWnbrBiva2FVscpF4d/HpTX73V00ZqOBRuDUWk=","M8lTN4Jjd1e5FuuOLSFlk/Ew92CICDHpojkcuQOqzyM="],"block_size":4096,"path":"content.js"},{"block_hashes":["NCbsXLnhCvcwaR//4Bk4BaN5E5Yzk60J0F8I0MI5i7s=","PiFE6AzIZ2y5ES5G0dzoVxQdGuIweuMyFdIgNa5v5A0=","fRLGKM123l7NDGsaHQKfpFvnLpl16bQtAD1BET6Hcuo=","DChqAws/mnqdQRhHFmvUOhDej2fliGExjOZ69dF2qpM="],"block_size":4096,"path":"event.js"},{"block_hashes":["bsy815VhjeboR6TAv/Efi+jvp6tBZ82+6d5VhCt38IQ=","sZDF6xXE4mvLxdRaH28f3c0e2ix6EfHgyAQSdjE2dI8=","TtMLVI+aOgHFBz7Hgt5uKU+g2IsDnLWOUJfNbr21wpk="],"block_size":4096,"path":"libs/colpick.css"},{"block_hashes":["e2MeHJe+08U4xsssLEMsJi91xS6/QGzhQe1x/E+O/94=","m607BSFPqJI+XcUWkHfTd+kFBcXhHZnWGNNKtEQqmDc=","2Zkt7uGPH/tO18MmlYlNc1sWKegsl/LCr8ZmPwWWbWA=","yZGdnFbY3H/69WwvYs7X7xQFtVO+rlIhP+iEPeJjGzM=","q4hFa2J3tVQJNxvXVbTQHq0BPIR6/AChPt7zXVlXqDk=","JB4H9kno8H6hNWGa/5JqKdf0rNvf7kIji0H1um19QeE="],"block_size":4096,"path":"libs/colpick.js"},{"block_hashes":["vV4Nuc71F7Z9qGYEccMZ3nx5kO0NH/lu8cjMHmTqfbQ=","crlob+7SQSbgQit0EVt1yf4cqIzWRjO0fhYSZvOKGqg=","9MGcatAWTDHIdG27a5SYfdi5qHg4vFLHipmixWLAx7s=","RdRVPxitbdCrC4gokDxP7kq2o6O0kLMPq42oHX/cxAk=","gBhxbiC5QRJJJ/mbd/xOzVlus+fozdIEToAg91QLkgQ=","YPyfpLuYvGPQhW7IwMDfAF/K9uWD14YIr+Ojgsv8Uu8=","liFLoMXw4T23JM+DhLTvrj3Le25VLQOjioTEUjM23A8=","4EXdeGLdOznBFYAF3oMcRrgR5p1vLmnYNC5LJgRQt7c=","GTq2DwJvCp4BzndUIxbb7lKZTofQyluhozg8CwJ0Ghk=","6e78tcEV2p5uziGfMC/Sm2u0dmrAlkq469AsVeS2jog=","6gvRG4NvDU2bY2QxpsIixjxjjofUK1KoZia55PpmvIA=","WBunrLkmomcm552zCY4ZygZJi3HyzSHvK+eJnU58MY4=","EszdvoJIl+j4fvRmExrFeQhhUyaxZzwVCBMzhN/Q7X4=","HXO6JxhEaa34LbDrUvKolX8A41UP5bfzeKl4ulM5SfA=","sumkuS+gk5K/MThusirIgpx/0RUbh+w0JelSG3WDHtY=","M1ju2DLGx26wKp+MmhG5mwQPiG1pJltKWPHMrbvDvrs=","XFCFxt3DVE5jefAXR/mgpDxyVelYXFG7lcvr9dlf0gU=","q6Te7+dPQ2awg4hMTl6Wv52C6wN9QOO+gU+Xa5NvjJg=","QqbVFC0zu/hmPMhNEHYvCba/Qxda57IvW5lObnM+dhg=","m7AAjiXDy3xwjpUmZnRQuag7MDneG7ThoUgPDxIjuqc=","bTrhsjm5UpffDQEh39neCpMLEDDSCFwXSa3YPiIoo4c=","sbNT2GW5k7nBiEOyGtgz8T4a9Q98CHwigRJaIRTP/TA=","0rhYpSZ/Gs97su7r+j45EvCZhOEoPgB6dYREBsU46Dw=","KWAm9Bi+VyMxsaTYLak4N9EsXV+QtV/anlPkpdaATwI="],"block_size":4096,"path":"libs/jquery-1.11.1.min.js"},{"block_hashes":["JIgqFkj+fmmUZ6BamubpPAvKCHY5EdlxI/I4EHxlrA4="],"block_size":4096,"path":"libs/jquery.hotkeys.js"},{"block_hashes":["xlJr8ohJkdY8FOscbMSkn7qD7P9qUXJS3wBgZwwz56w="],"block_size":4096,"path":"libs/jquery.mousewheel.min.js"},{"block_hashes":["xsbZTE7OH6g4Z4TUpKl6LUV3oLHbyeuxCvMjtLnq9sw="],"block_size":4096,"path":"screenshot.css"},{"block_hashes":["/8mPpYl6tjfMtjH9oah9F2xuCwZlVmDKsRUOn42ljbA="],"block_size":4096,"path":"screenshot.html"},{"block_hashes":["+rrg58j9m7+v+enkI8I/+Ft/dKmyLRN79S6QBERbl0s="],"block_size":4096,"path":"toolbar.css"},{"block_hashes":["RLE1UiSsW7W2l05U+6pbZNUyQFqdCoce6uDrUOWff7M="],"block_size":4096,"path":"toolbar_actions.css"},{"block_hashes":["xWxUFuutM2U8I0W280xY9MxyrfkY+zZo5nxkQbzmn/Y="],"block_size":4096,"path":"toolbar_edit.css"},{"block_hashes":["ub2ENQx7rEihvAEgvbSqCWhLf17zRDTPQ8hEhRWD/e4="],"block_size":4096,"path":"toolbar_res/draw_arrow.png"},{"block_hashes":["cVav6Cm6zQFBwaKpeJJdB/zjFez9l36oOkuAEdXM4i8="],"block_size":4096,"path":"toolbar_res/draw_arrow@2x.png"},{"block_hashes":["idHw9XqnThc9qEhLNyFmznGAotK4ag4vaNb8Gs7O8WY="],"block_size":4096,"path":"toolbar_res/draw_arrow_down.png"},{"block_hashes":["y2+3XoXuYMzG+Q6AbEJ1P7GOeE8JhPfYsHkYMEjffPw="],"block_size":4096,"path":"toolbar_res/draw_arrow_down@2x.png"},{"block_hashes":["CXrVivrBBn3KgIWEtOAI1iTCvupns7zgW7Vsrg2ICeg="],"block_size":4096,"path":"toolbar_res/draw_arrow_hover.png"},{"block_hashes":["ot8qzwyLZhyXoqdZtpR0oD5gYfRkScMphVYN+vjgF4E=","+ona74HScaJLHcr+ZBcfLkn0DOitMwE1Xj/eJ3jKjGU="],"block_size":4096,"path":"toolbar_res/draw_arrow_hover@2x.png"},{"block_hashes":["qkbw+fZh3JKNdk4qLK0yqPgylx3NQ2qlTIjTcqmiWyw="],"block_size":4096,"path":"toolbar_res/draw_color.png"},{"block_hashes":["w7TTkp4t8RUCjz6QwB73+3c8bf1ZiYCtXNm5YCeiWbs="],"block_size":4096,"path":"toolbar_res/draw_color@2x.png"},{"block_hashes":["qkbw+fZh3JKNdk4qLK0yqPgylx3NQ2qlTIjTcqmiWyw="],"block_size":4096,"path":"toolbar_res/draw_color_down.png"},{"block_hashes":["w7TTkp4t8RUCjz6QwB73+3c8bf1ZiYCtXNm5YCeiWbs="],"block_size":4096,"path":"toolbar_res/draw_color_down@2x.png"},{"block_hashes":["qkbw+fZh3JKNdk4qLK0yqPgylx3NQ2qlTIjTcqmiWyw="],"block_size":4096,"path":"toolbar_res/draw_color_hover.png"},{"block_hashes":["w7TTkp4t8RUCjz6QwB73+3c8bf1ZiYCtXNm5YCeiWbs="],"block_size":4096,"path":"toolbar_res/draw_color_hover@2x.png"},{"block_hashes":["V9ilB+16anM42bQ0qjHmUf2afdvMxyJFQTJpLT3137Y="],"block_size":4096,"path":"toolbar_res/draw_line.png"},{"block_hashes":["NcT5Fl2dlf8mNq8ETbd9nrY6OpBORzVTnyFHYF4KhAg="],"block_size":4096,"path":"toolbar_res/draw_line@2x.png"},{"block_hashes":["l4aoJDesax+/LgIBcJeonElCo9HmzG1vxrM+BaoN+yI="],"block_size":4096,"path":"toolbar_res/draw_line_down.png"},{"block_hashes":["gE6mt2aLGJQt9AqVs0lP5w+w4BUO+Dt2AYU+mLNA3KQ="],"block_size":4096,"path":"toolbar_res/draw_line_down@2x.png"},{"block_hashes":["rIB3AYTwx8G2nWjFS+kDP/FMoQYo+b5xnbOzccCi5Gk="],"block_size":4096,"path":"toolbar_res/draw_line_hover.png"},{"block_hashes":["MRcoTibBWJDlzdwHwx7CCLvSur/Fo/4blgw1H1kRmWQ="],"block_size":4096,"path":"toolbar_res/draw_line_hover@2x.png"},{"block_hashes":["h37AUIl4aKzifJ3qFLsHsVAkzWMooz5Ikg/IRBFyHhc="],"block_size":4096,"path":"toolbar_res/draw_marker.png"},{"block_hashes":["0i+lj7Ejfhnf43nEdAttIuXIbrAfQvXdEGskGV78oYA=","QvJ8oWkXhKcb2KDEvUwfbeNbiMOE44S0gDywDyJtB28="],"block_size":4096,"path":"toolbar_res/draw_marker@2x.png"},{"block_hashes":["ydTMtS5qKWg+YGwl3eBkXa4l6DMz7D3qr85N5oMnFMo="],"block_size":4096,"path":"toolbar_res/draw_marker_down.png"},{"block_hashes":["oRdJeyMQ9xUq+PvO3FKOXjYHTEpuCNVvevK5ia9uSfg="],"block_size":4096,"path":"toolbar_res/draw_marker_down@2x.png"},{"block_hashes":["r8rjkU+st/beYi4vSCZaF9OnJ3beW7kouDqzzSpStW8="],"block_size":4096,"path":"toolbar_res/draw_marker_hover.png"},{"block_hashes":["aqvAiUVHuKEJWp8dS6i2HpHrTybLrAONY1wBxIJU6N8=","Udwfs2I+806UEz9dSknKAmSsF+84dKvt3JOtLTVQgNY="],"block_size":4096,"path":"toolbar_res/draw_marker_hover@2x.png"},{"block_hashes":["wLyN2Qj/qcjzpVWN6UsCg7kfClyE32/yyeGsGZtAShg="],"block_size":4096,"path":"toolbar_res/draw_pencil.png"},{"block_hashes":["wlHNGZpR3FOTambN79bDlSqmm1CngvqEOOG2r4Q9g60=","I+PtwwLiZRKmjhqHDSIgCtDoUsOXo99uueRxFNrJ9qU="],"block_size":4096,"path":"toolbar_res/draw_pencil@2x.png"},{"block_hashes":["/td4Uj9XTQgsRiCi0gRrEcX04JY4qJ7bEl2tI1Lzh4Q="],"block_size":4096,"path":"toolbar_res/draw_pencil_down.png"},{"block_hashes":["SOaoZIEppV4s8ueGintzl5kyAE5HYgyUx/PKk4b6qpA=","99G5cCjiXMp7bgdAfVs0rbHjGMPsD6N5nvWrGXimBzQ="],"block_size":4096,"path":"toolbar_res/draw_pencil_down@2x.png"},{"block_hashes":["XOMH6ELh5p5TTqtrt8Ev0Hr0I72xH5ZhrBnE+ilrNrs="],"block_size":4096,"path":"toolbar_res/draw_pencil_hover.png"},{"block_hashes":["KMXCfqVVHyhZ2o7Wzdb0pgM4kHIdLtu3fzfNb8c2Mss=","T1y4i1e978yiXsHyPiupbM1pINKMTnvmhJhjZn3UKPY="],"block_size":4096,"path":"toolbar_res/draw_pencil_hover@2x.png"},{"block_hashes":["Qr2g8ho65h3aFPfuk29yKGuQDzn+A8B3Uw/SlosRJvw="],"block_size":4096,"path":"toolbar_res/draw_rectangle.png"},{"block_hashes":["ZWGLOCz2ABl671dPefSrZRFmugDB92Lm4VqvDYArORQ="],"block_size":4096,"path":"toolbar_res/draw_rectangle@2x.png"},{"block_hashes":["6ZdoHB5CDsDnYDQoZUZ5xCJXJHW9e3vtyA5WhooMWeo="],"block_size":4096,"path":"toolbar_res/draw_rectangle_down.png"},{"block_hashes":["zfh9Nsj1sUMXGMXGvh9gd7UU6gDCpuMyIGsYQ1+0L0I="],"block_size":4096,"path":"toolbar_res/draw_rectangle_down@2x.png"},{"block_hashes":["nRfPYeTX2WRuDcyommNgXOgy3UHPY30qgodfP92VtW0="],"block_size":4096,"path":"toolbar_res/draw_rectangle_hover.png"},{"block_hashes":["S9b+N4DIdR+OZZr24J5lHXkKPMJA2qCilLNCpBrw3kw="],"block_size":4096,"path":"toolbar_res/draw_rectangle_hover@2x.png"},{"block_hashes":["V5tmSa/HGoFOA83Qifstu2x7nnVUdv+IKbm7TLyZfkA="],"block_size":4096,"path":"toolbar_res/draw_text.png"},{"block_hashes":["0J0A43U2WgMB4/lE2lZPaAJZ3NBy0N3vQ0kAZMPziAg="],"block_size":4096,"path":"toolbar_res/draw_text@2x.png"},{"block_hashes":["0Wk7NRImrxmDPhnDY9HazsT1A6mEnA4y7eBkWyqT+G4="],"block_size":4096,"path":"toolbar_res/draw_text_down.png"},{"block_hashes":["zMGZ4XZwmJpXcfDu7LzIjzQiSnpIvIet+zQ5us4EPUY="],"block_size":4096,"path":"toolbar_res/draw_text_down@2x.png"},{"block_hashes":["BCVl9VtJfiGa9TCtYZxlB9x+5+4tW7N4FcLbtIWFwq8="],"block_size":4096,"path":"toolbar_res/draw_text_hover.png"},{"block_hashes":["7r3Zq7XA9uPuKZRpTAVj1lfELDlbeuDFHLRNAbU3/p8="],"block_size":4096,"path":"toolbar_res/draw_text_hover@2x.png"},{"block_hashes":["yEAUnt0iOnCA8+dY3SjluCTNwi3lkT6H0vEZkY64mkw="],"block_size":4096,"path":"toolbar_res/draw_undo.png"},{"block_hashes":["kTZ+/dLfAKPwX7svy1gswSAWUh7cAXNt0AMraUJX15c="],"block_size":4096,"path":"toolbar_res/draw_undo@2x.png"},{"block_hashes":["m0+2YvxorPqk3QzbmZtcvvFgaDXTdtwwOcDI85aJYUM="],"block_size":4096,"path":"toolbar_res/draw_undo_down.png"},{"block_hashes":["eySK7LhEm9zJhD66KWVT1nnXJDJHP0McmJSKpfndUbQ="],"block_size":4096,"path":"toolbar_res/draw_undo_down@2x.png"},{"block_hashes":["nKTG6+8zfVqzdIv16/iNa28Vl+3ofBtPPCpHUDSVZdg="],"block_size":4096,"path":"toolbar_res/draw_undo_hover.png"},{"block_hashes":["FuH5a50GtC/kFcAK9qckTrbqH933rKB3nrhAJ0AK3dw=","D3RXyRyZLNWSgmBk6iTlTytBLeQxugCTGQO1o+vqtu8="],"block_size":4096,"path":"toolbar_res/draw_undo_hover@2x.png"},{"block_hashes":["NS7smXE7ZiLk6JiMsD+UFRYV4GykylCWyi/JeZ9vpDU="],"block_size":4096,"path":"toolbar_res/hor_close.png"},{"block_hashes":["ls9hWbVDbgWJOHwxjY0+A6g4ezJyJUpbNwj/qEPbcgg=","1RxWKBO7p9QhZfkLgBEjYcJ6goZRHgFdQmO0oVjN0aI="],"block_size":4096,"path":"toolbar_res/hor_close@2x.png"},{"block_hashes":["fWI+J75ypUENmuX0aFw0eenGVeLoHMHIPiDDGSj298U="],"block_size":4096,"path":"toolbar_res/hor_close_down.png"},{"block_hashes":["i1CINTk0wY21AyOQB8m9omxqVv2dRTrfUqqXIix5GNU=","LQsaS2lQW+LhdOOBCmILofEMmYFLYGTN3oT71tBXGtI="],"block_size":4096,"path":"toolbar_res/hor_close_down@2x.png"},{"block_hashes":["6CqLj6RBC5ab90Zm7txR4NXVvmtLzXggINlby6x4S5Q="],"block_size":4096,"path":"toolbar_res/hor_close_hover.png"},{"block_hashes":["D4Q8z2+7uRGLa8IYJSXtU2G35oRSKEDq1dwzQmW68gg=","atUdnHc7kJ6n2XJQTc1yah5zXFnGHyXbfC1sIUNDOLA="],"block_size":4096,"path":"toolbar_res/hor_close_hover@2x.png"},{"block_hashes":["T7nyKqgwN/bfOQHH5ZOk/+sP7bO0BpWauSX43Fpwcik="],"block_size":4096,"path":"toolbar_res/hor_copy.png"},{"block_hashes":["XzIYDxA+1AHaELdSC76wG6LyrOGBOBk4A7r0g/yllE0="],"block_size":4096,"path":"toolbar_res/hor_copy@2x.png"},{"block_hashes":["abfXuHTM/a5o8gRCJE72EjwFj9m3YZMa6CVj49aQznA="],"block_size":4096,"path":"toolbar_res/hor_copy_down.png"},{"block_hashes":["FLd4wzkLhjyNB2N0K4Wlpg868QGZ05I073v2QpfYD/8="],"block_size":4096,"path":"toolbar_res/hor_copy_down@2x.png"},{"block_hashes":["ZMileHv8RK7KJTsfzjPv3G/QC6WtPVgU4dBTLaLpy1w="],"block_size":4096,"path":"toolbar_res/hor_copy_hover.png"},{"block_hashes":["6/SfHumMLBfuzAkqxZZZHTqIwDTNnKUin8wI2devomU="],"block_size":4096,"path":"toolbar_res/hor_copy_hover@2x.png"},{"block_hashes":["qDyCnIXYB9nzEhNCoNmE70OP5IoubzV2kVtgJUcvuDI="],"block_size":4096,"path":"toolbar_res/hor_print.png"},{"block_hashes":["OgacBhColjrO5L6U2dZLGIHIQmluuuqBSWxPax0ijEk="],"block_size":4096,"path":"toolbar_res/hor_print@2x.png"},{"block_hashes":["hGYhgeNxTgScWotZASEQq60rx27NYyd1NN348wOfIJw="],"block_size":4096,"path":"toolbar_res/hor_print_down.png"},{"block_hashes":["McBGVSssJ9FLg4fDlLFlvzrXukU2NkFP3rwzJ8n9LAA="],"block_size":4096,"path":"toolbar_res/hor_print_down@2x.png"},{"block_hashes":["UWcqFsCYM8Eb/EyQldzvdYIFqsjugm6WGs2Kf98H1/U="],"block_size":4096,"path":"toolbar_res/hor_print_hover.png"},{"block_hashes":["nK1/TJNHlltjZS9+I9zlV6chsdlQNnqzVNAKQyovA30="],"block_size":4096,"path":"toolbar_res/hor_print_hover@2x.png"},{"block_hashes":["gxKVhAW5hkycAolLoRN6Os/aAOht/N+F+p8DvUGgw5c="],"block_size":4096,"path":"toolbar_res/hor_save.png"},{"block_hashes":["ZKjv+G3QCFhho/xcsGGaKOpiel/BxEMzMOSiTgbjq4Y="],"block_size":4096,"path":"toolbar_res/hor_save@2x.png"},{"block_hashes":["Bh/X3fqhqx6qu+gxSsgBQQ+BljXtidRPF3gVoayy8HM="],"block_size":4096,"path":"toolbar_res/hor_save_down.png"},{"block_hashes":["jPzFceUc1hTAuc/U8E9IxUpTycj/pUzEw5b41fhH/+w="],"block_size":4096,"path":"toolbar_res/hor_save_down@2x.png"},{"block_hashes":["JHWGeA4TOTPwQSHdRCcCrzSwhUegrG4rUehwLoG1954="],"block_size":4096,"path":"toolbar_res/hor_save_hover.png"},{"block_hashes":["ENMByq9Hhralds+w1kC9R2IGoqQMH8q1w6/sPPPm/xo=","+HGC+9aogr/TtEM0F8wvcMyDVQUrBtKZ7B7De3h2JoI="],"block_size":4096,"path":"toolbar_res/hor_save_hover@2x.png"},{"block_hashes":["w6+u8jhQIVwE+/rtsPeEKK1XjrwuyQPJsjd+Vt9z7so="],"block_size":4096,"path":"toolbar_res/hor_search.png"},{"block_hashes":["ArSEshIizKldBRVf8o/nu81LYYHMKh1i7aMwxYYM5BU=","d41bE82Eyxci4b/NwowauG9hT+lfMuIKPxKeGYQt4U4="],"block_size":4096,"path":"toolbar_res/hor_search@2x.png"},{"block_hashes":["1nn6vJni8muZ3RDokhlnwwM3KdeLjUw0rdlZjFVVV94="],"block_size":4096,"path":"toolbar_res/hor_search_down.png"},{"block_hashes":["V/xkInOF8B2okcH6e8ybnlyCS4NcST3YOp3KVXbwbb4=","m+FYWthloYOsiF3OlzeQm+pcnsBClrv5sQsVUZrpGqU="],"block_size":4096,"path":"toolbar_res/hor_search_down@2x.png"},{"block_hashes":["KjyBjZtf9aIhii7ofS82q0iQcPj1LogJ93R8MKPJOeE="],"block_size":4096,"path":"toolbar_res/hor_search_hover.png"},{"block_hashes":["9bbggQnak7btelNRwlVZ7UOQL3Z1vZP4JgwJB3hXon0=","/YQbt55/XNHxbS9G0o+nWfltlYj4IXerJSYMfZ2OwKo="],"block_size":4096,"path":"toolbar_res/hor_search_hover@2x.png"},{"block_hashes":["CyVmsIF38wJKYP8XA21DZj2dk5tLsou4n2gIvn9Kg9E="],"block_size":4096,"path":"toolbar_res/hor_share.png"},{"block_hashes":["Qonsl91kBUiIH7tTVN8984OBnS9+WDMx3wxBHnr2Rco=","849yzvy+ti4jYI11zQuFvf4fj1DYOCkuudLISJ9WeTk="],"block_size":4096,"path":"toolbar_res/hor_share@2x.png"},{"block_hashes":["egwu47vXmF8NDFC4pYJdQZreMHz22BTc20d4UQvasmw="],"block_size":4096,"path":"toolbar_res/hor_share_down.png"},{"block_hashes":["fNU0XjmaXXQrZntr7XSHTnjDZ7TkY/DWNKbQ9z1HkvM=","mSKiXUF+ELBRkPHYL/3j5pl+Bf1fXAaq0wnMmNs/oQw="],"block_size":4096,"path":"toolbar_res/hor_share_down@2x.png"},{"block_hashes":["qo0QJEFdtoGh2/dYLOAsCfZZ/9FPeB1qJXj2mnPiekk="],"block_size":4096,"path":"toolbar_res/hor_share_hover.png"},{"block_hashes":["olZUJs288naElF5YqWyJNaGpwS27Ryydw8lMh8zt/nM=","jjH+wXqYx4MiekpV5IT8tpEGVlZuJTAB+TiY18XMTwU="],"block_size":4096,"path":"toolbar_res/hor_share_hover@2x.png"},{"block_hashes":["4EScw7w3HqLkhmA9gkx8YHWLcCGQNaAJ0hii62AngJg="],"block_size":4096,"path":"toolbar_res/hor_upload.png"},{"block_hashes":["zXQWQ3nshbVIW3eM+zBQvZWBX4Kz5w0SzN8sKKMN+rg=","DxU2HdMS8LaMQbiTnoo9sjIP2dtXU8MIv2BG7qIgyOY="],"block_size":4096,"path":"toolbar_res/hor_upload@2x.png"},{"block_hashes":["HDaKb48WGXFxka2Wq/2yLNM1By9Vajd3xUMSq7BzLmI="],"block_size":4096,"path":"toolbar_res/hor_upload_down.png"},{"block_hashes":["RL7n5k6FW4pEOZ+5+OCD4kV7KmHakutyDFIT9tC+m7s=","tV8CFYdQP+4bbF1BPbG7nB481XdeZ89X8wbvPXoyr6w="],"block_size":4096,"path":"toolbar_res/hor_upload_down@2x.png"},{"block_hashes":["1+p4PAv9m81LcWIX7o3eYoMo0dfUwLNkjw9Py4WNxt4="],"block_size":4096,"path":"toolbar_res/hor_upload_hover.png"},{"block_hashes":["kN/1I41Vh9uBn0nkiwDCVLgu7Y/PMElNbbgNXf5TYNI=","Yz10HH/dltZtI2vW1dwHik1oyBseIcIS8oOjOzWMscc="],"block_size":4096,"path":"toolbar_res/hor_upload_hover@2x.png"},{"block_hashes":["43iFsqqsU+TrH90TSYyaq37H87MrPCRv61A7MCeW7b8="],"block_size":4096,"path":"toolbar_res/share_facebook.png"},{"block_hashes":["daybm25GJbZEkJxA7YjBsiNjwX+/a3wYPuM0j8rVDDk="],"block_size":4096,"path":"toolbar_res/share_facebook@2x.png"},{"block_hashes":["0kooXHQ5a08JGR33EKLahtZkzKI8VdTaWRvy2WbQuO0="],"block_size":4096,"path":"toolbar_res/share_facebook_hover.png"},{"block_hashes":["yWd2ck8fg8cjAqdD1fut2FE0Iuq3td4p2RZ7i9xkYms="],"block_size":4096,"path":"toolbar_res/share_facebook_hover@2x.png"},{"block_hashes":["PBNcqrJqxHgI3MzPyLX2vtGR/KYu2t8ykrvnHdoStsM="],"block_size":4096,"path":"toolbar_res/share_pinterest.png"},{"block_hashes":["0KwXplnor+Xzl+Rkh3sgb8I8xmmVNnzbxr4pBYEirB0="],"block_size":4096,"path":"toolbar_res/share_pinterest@2x.png"},{"block_hashes":["8oWjIWaNOC2MeutKv9U/lHAtOIP1eD0LJrbqxwv5xAc="],"block_size":4096,"path":"toolbar_res/share_pinterest_hover.png"},{"block_hashes":["mFJ37my51ctrQGtT1pdIGM9B/CBStG10EPd9tFHbsz8="],"block_size":4096,"path":"toolbar_res/share_pinterest_hover@2x.png"},{"block_hashes":["fhlPLR3wpqD7PwY0MPAQg7D/0TCFsrWv+iCEeJQKLD0="],"block_size":4096,"path":"toolbar_res/share_twitter.png"},{"block_hashes":["ZEsAVumbQm+ln7dWs4BqNfkYttay9EfUntIT+1pAC58="],"block_size":4096,"path":"toolbar_res/share_twitter@2x.png"},{"block_hashes":["PIaC6DFkzny+y8OcCPE+FyirOwT1ulPNCcF5gndR3Kc="],"block_size":4096,"path":"toolbar_res/share_twitter_hover.png"},{"block_hashes":["DiFIZl+uKfg8MT9OE9iTeE+ijbjkrYMsUENwR/yi82U="],"block_size":4096,"path":"toolbar_res/share_twitter_hover@2x.png"},{"block_hashes":["lva7IZbSdmVr/4bqJY8xS2hpo53l+dsE6GnVEqy1MJs="],"block_size":4096,"path":"toolbar_res/share_vk.png"},{"block_hashes":["WcVazTHugCnUhdDXoASEupKTccVcUHDVCICAVgPxS0I="],"block_size":4096,"path":"toolbar_res/share_vk@2x.png"},{"block_hashes":["v6I+J0B0Lrmu2NAIdXpY8VQU5wMphl/ogR1vkhgQR7Y="],"block_size":4096,"path":"toolbar_res/share_vk_hover.png"},{"block_hashes":["ROkWUn/jXNs/Y0KpC0gOLwsNsTP4bQU/Gw8CvB1EvzM="],"block_size":4096,"path":"toolbar_res/share_vk_hover@2x.png"},{"block_hashes":["ojfSOIIwKuoL6XHU8R2JfxvvT4VR4tOHGrvMsn56Qhg="],"block_size":4096,"path":"toolbar_share.css"}],"version":2}