{"file_hashes":[{"block_hashes":["FrUwR3ZNVTSAQI0tHkavEMufmDXcp3x1biIPT/hKOtM=","5Vj9Q2MrNUEtK53vsVwhI4AgxX9sw+EJR9bMjlpElDc="],"block_size":4096,"path":"_locales/af/messages.json"},{"block_hashes":["xmBWzuhGtLWDiCqDNiO4PMNREeHBl06mXjdIf4mCw5k=","NrDgforj+9KQZT9XBZT+VyF1y9nAWaggQf+QbyTFJSU="],"block_size":4096,"path":"_locales/az/messages.json"},{"block_hashes":["kz1bcJqIO7oNZRlzaVYwO3PWAIUgVrmLPueZZh3xiW8=","rHC9WI7H2uA4Mke4K6i3f9QLfdl4Vj7erhwtRIvIk5I="],"block_size":4096,"path":"_locales/be/messages.json"},{"block_hashes":["hY6+R7y1m9A4KTrrmVPQ7x34oWLPr9XYqCMRfzjgrWs=","DHb92fyalYPeDLCZjCJo9Bz0ajfOMftsaaQ7WJAJGb0="],"block_size":4096,"path":"_locales/cy/messages.json"},{"block_hashes":["Owui3iVW9E6G+PF+9UgZcVT8rV9VlWpFvbVmOPyD9wk=","UiocbYl8PpQOh40FPWgjUhidLxDbrn29FDZVt3jtjQE="],"block_size":4096,"path":"_locales/eo/messages.json"},{"block_hashes":["qFS4ej0EcwpY0FIi273AX4x1VH0RcCgEKenNH2il/rE=","Bqx3rvEFP0sQ+5ocdPK5X2Pmv9x1gnFI3ZdtQzQEjsY="],"block_size":4096,"path":"_locales/eu/messages.json"},{"block_hashes":["cg7UFcX9mTDxT4ufqH2DPtkas1tlTyY2lWPDUyd444Q=","j/ub6owvxQp3vliuicv/3TKOMtjBs+TZC31VJPE1ecI="],"block_size":4096,"path":"_locales/ga/messages.json"},{"block_hashes":["UlH4HEGjMHGU8jcesxDbCyIXYYrb9UIHuF9W3JiTJgo=","6YO4UbAT3OSMAFaFjK4xKLLXgC0Llmzyh4sXWUHIX6g="],"block_size":4096,"path":"_locales/gl/messages.json"},{"block_hashes":["Y6uep08eD3a9shAPc/PJ73vuDAMCqNXwQdECW5i5oUI=","8dQI87zqrAPvzzagYLxq+wJ9SboLr3RMpq8joLzlfkI="],"block_size":4096,"path":"_locales/ht/messages.json"},{"block_hashes":["eSOJB8p+h+RdGOHquZnN2HIjkGexKucICOoFnBTKPuw=","49Q//bO9DQCtb7hnMxw6Ki0z77XbBaRfVWzpQRU4du8="],"block_size":4096,"path":"_locales/is/messages.json"},{"block_hashes":["lttYF9FkouDK7GewgpYf0xVUAKqbS2gO5Owf/iYO5lY=","LM3BXhYN+gPAlkqn5u+bVXuDiPmeCYeQvu+ueOv+skg="],"block_size":4096,"path":"_locales/iw/messages.json"},{"block_hashes":["mUEhirQMAtaQG8fDIEahviqk7QhZiijNm2iK3B7ZSe8=","2PNif4q91ufOI7wdH/T79wWzeVg0K7XBZsT7ebv8neE="],"block_size":4096,"path":"_locales/ka/messages.json"},{"block_hashes":["8u3oOTsxS9TvAEvQHxyNe+8NvmT1678Ojb2Z54YSKvg=","ktUesGPppWG67z15DsQtlqJ/aYj4Rn/fIzOGW71WvSU="],"block_size":4096,"path":"_locales/la/messages.json"},{"block_hashes":["5qW4arzP/gD8CVh4L49YAGZusB0YRUeRp0fQzS9D9MQ=","XesnN4df+g0Ai2dQmi6dNXpZUxgvw4CLP+ySe3IosbU="],"block_size":4096,"path":"_locales/mk/messages.json"},{"block_hashes":["bD8bgEKU5+63Sq5020Dou71z8fbA7f7aOnYlIwBxJIY=","rVhwQOfAIeB4eoRhahWMHN6weUNfTdzyLFMqVqk6yGw="],"block_size":4096,"path":"_locales/mt/messages.json"},{"block_hashes":["BTlVDW6ww1fgKnan4h1JGlYmBdxA7xX3KNOTqeAe3Og=","oZUYcMIl6pM0Tja55VskWIYDBo2AfY/2pec7GHRMeN8="],"block_size":4096,"path":"_locales/no/messages.json"},{"block_hashes":["HE1Iq19C4VbqEARiXGAh7P/ukH07sgmdSgKLOpJ7+Fc=","Mct18XfkQbMmRfdIBDEDlnouPYYRkvAqpwjxfz+lhvU="],"block_size":4096,"path":"_locales/sq/messages.json"},{"block_hashes":["cTcTxcFdYMSaJgPdmT88/dE9TKA0aqabJm6AiATQYYw=","UyzVaq35QpZHAlGlbxqFUrxKiRp+dTZtBC1RK0CnC7U="],"block_size":4096,"path":"_locales/tl/messages.json"},{"block_hashes":["vbdoSOtrHAzcHFsRdLtW+g9WrOSNdKulXklSpOsIQSw=","Nmu2ZkY2xUlfeBFX0ZnS4Yl2PhGvPmLOnGuzTZTTe28="],"block_size":4096,"path":"_locales/ur/messages.json"},{"block_hashes":["PrF+KHwe4Rc/gSOv9MzY9/7ZXBKrjLOPUz/7YWyffs4=","N2Q9sgr/yeU/c0Efgx4/+rtyqKNH9gKygpK/Qgm6sz8="],"block_size":4096,"path":"_locales/yi/messages.json"},{"block_hashes":["HUEi+tBPC85BdlRnFrXa0ZnAw3oqmr/a1d5437v70rk="],"block_size":4096,"path":"ajax.js"},{"block_hashes":["Zo4yMn1xBbPkmSNwnB9XFi/RpogQLQlS2/O30c93278="],"block_size":4096,"path":"background.html"},{"block_hashes":["WspRlC6oWiC2dUyx1mClqgtzf6jyx9wcJUiSne5MdMc=","0hXmxKXwc7o9CbALGCdoqhpuihRcP30zdlb9GWdiMw8="],"block_size":4096,"path":"background.js"},{"block_hashes":["c0Ud+D+6y8HQB+gbXZc1DLGT+fbz6IP7UUZoP4Beff4="],"block_size":4096,"path":"editor.js"},{"block_hashes":["I0upE2kF+xwss1EoV1zwUQYmpW7ezWQuWJ+aPnN5wsY="],"block_size":4096,"path":"hotkey_storage.js"},{"block_hashes":["G7woHu9bzyC9h4Lf4wEaAtYWz0nMzow/MiXcwU57bZg="],"block_size":4096,"path":"i18n_styles/en_US_upload_image.css"},{"block_hashes":["NyRiZgvh0IfaPNY81eAPEnxHGF8RSr3XqkhOaSOoQ5k="],"block_size":4096,"path":"i18n_styles/en_options.css"},{"block_hashes":["ioNyIgtS5YEsrDOuz/vfOtGoOKsAbaRLgkm+eZgIeIU="],"block_size":4096,"path":"i18n_styles/zh_CN_upload_image.css"},{"block_hashes":["AlwmBRns0TwzzcfmlrJjhKjvJQ+yLZ+l0CKcmHViYCk="],"block_size":4096,"path":"images/arrow.png"},{"block_hashes":["Vg8RFInds50h/s7gmHnA62g2oUufYnd66t4s7la6ioU="],"block_size":4096,"path":"images/copy.png"},{"block_hashes":["8j8o6pG6LekDJ5m7VxYYy0P6qK2y+f5eiNA3AUZy3Bk="],"block_size":4096,"path":"images/cross.png"},{"block_hashes":["GNYmXAQ/T4gBt9in1HQ6uDqXM4wEpTDuxlHizXcadVU="],"block_size":4096,"path":"images/custom.png"},{"block_hashes":["a1RQ0W/u5+3C1Pr+l1evvOjoF6Kohoq9F/cTdzmhCSY="],"block_size":4096,"path":"images/delete_account_icon.png"},{"block_hashes":["xbR1dRwHU+N1kwtWKSJnSl1JzD/R1mu+dgTbt+PdEBU="],"block_size":4096,"path":"images/down_arrow.png"},{"block_hashes":["x2v6PaNB3oo7aL4ofbspQ6hEqexc6hX4ll8TNnhm/Sg="],"block_size":4096,"path":"images/facebook_icon.png"},{"block_hashes":["VH8sB7uTf6Amq3iZ+dKs9BL9NuKSNEyD5wN84wAuh4Y="],"block_size":4096,"path":"images/icon_close.png"},{"block_hashes":["2cQgFXVJDfwUGC04UN9dpMQ/q5xSRV64AvHOMXHLLDU="],"block_size":4096,"path":"images/icon_copy.png"},{"block_hashes":["q2m25+8BsXPdG4ZNh7vpY7w9bR32x5N4y6skxbizN0g="],"block_size":4096,"path":"images/icon_save.png"},{"block_hashes":["O2VIw2mWWRsPfD5Iv3u6jPptQt/Nh8zLSEb4KNn49DU="],"block_size":4096,"path":"images/imgur_icon.png"},{"block_hashes":["9ui8ThQfQBhhA4XwV4ZQd1FbubFKJH+cnDK7gpsOhvo="],"block_size":4096,"path":"images/line.png"},{"block_hashes":["Jxl4sG3hqWmqvTi963J3GTX4zt7psoSvnVQyhxCYNic="],"block_size":4096,"path":"images/loading.gif"},{"block_hashes":["iZFLfDn8qT1qVsntaORhffnvjK6SvIJqVp5pvExt5kI="],"block_size":4096,"path":"images/loading_icon.gif"},{"block_hashes":["h1JB0f1ueii3QsIMillayYd/8MDPc6LFXExI1SSn0Yc="],"block_size":4096,"path":"images/mark.png"},{"block_hashes":["SRsqeXPmaqhtkRnt0gBgRWmzlR5VjW1ZUcIubka7yvE="],"block_size":4096,"path":"images/picasa_icon.png"},{"block_hashes":["zl3zKtmyqKCdXZxfFAfmr9og1IoM3YDb6nfbHDlTvXk="],"block_size":4096,"path":"images/popup_bg.jpg"},{"block_hashes":["2BDXXGHNO3j97ty8TjUcL30sU9rjYM00j3TMn8OpK+s="],"block_size":4096,"path":"images/prediction_icon.png"},{"block_hashes":["jMSoNNNE70+/4Ay4vV9q7coJHU3a4c54KGYlar9b8xY="],"block_size":4096,"path":"images/print.png"},{"block_hashes":["WDns1V1+LAu+CmKTt7JawthnsJGgseLq5BmOaFugd8g="],"block_size":4096,"path":"images/region.png"},{"block_hashes":["rrvqvUTv/TN5Xcv4XoDTzgH67lyHstt6mC0vSf9LyaE="],"block_size":4096,"path":"images/screen.png"},{"block_hashes":["x9tPGL2vXtLH8T5S9txVFv+IsURgGVVNPrfkMKSXCk8="],"block_size":4096,"path":"images/search_icon.png"},{"block_hashes":["Jll5uKXWOPnmbbtltzlLfSCI9DHNqJa0smKhgmLZQUA="],"block_size":4096,"path":"images/toolbar_bg.png"},{"block_hashes":["nv0t/mpoEUbZw4tE5OWVjBCFXK8ssEEaif3lkqRIayQ="],"block_size":4096,"path":"images/upload.png"},{"block_hashes":["V1dwwmiKnk4fi6ArWxAFwBEwjM0EYHhewyX6HTQf0Y4="],"block_size":4096,"path":"images/whole.png"},{"block_hashes":["zNLYJp1BPMKEnh6vlW78VK7zMBaEyW5WwZNtAFxoT50="],"block_size":4096,"path":"isLoad.js"},{"block_hashes":["GkaJnkUVCwC/qpefQEMsIf6lPxKX5p3fFo5mmbq454c=","1QSVBLwsFyWHBW98DIhEfpz9F2alVCNxUwUVC4d0Jr0=","rgKUNzEM1oy+gfbb0s9ocI1D5y4Nl/phZsVfeWZ6vMY=","lOKl9e0rQ9srajYJ/IoxwAcR4gu8yJWGZFawZyURyFM=","SwO98PF8aQ0DELoE0p5pcHeBLS8LDm8k1YdWOzHswWw=","KlTuTdwjXXGMQqk84zxFoJxIzXAd5d9mg1pJbLDpzYs=","TZcJX9AIzodp6P2G3tIhRj1bMCLoRVhbGcoCd1r1+G4=","iNLbBeGmY1AMwclIOGDNcATv8iDpHh0A6hApJ9KtSQA="],"block_size":4096,"path":"jquery-ui.css"},{"block_hashes":["5cwzBUyHLxLwDegAHk4KgfoBRadZO4EdJYMAKGHaOYU=","7ztM1gtrAuQU1wgHCKHU7LOJ89HonUyUSNfa1Nd8Rwc=","Hwi9aG8daeqkE7v0hrZabMMgURqh8zh1f4Fd8+N8Lmk=","cLcqOEI9h8mgFzhLo4cFtTMeROHbOc2HpqYSWPCLvho=","QPfw/OTo/EB/d7XD/UkUrWTSVDuqJXRdAmi8v4+sc0E=","I3nJ7NzasUTE/kOrncyLM571OFSZg/C56tbJ+2Z1C/8=","616uFqPrEaSqd9CcNubPMGmsTtoGB0L5IhaQGzI26lY=","uk54k1lHmO/5SflYQl7L6LU3vc7UNzvER4NQgC1VO8E=","qZp9D9vFWkqvbnxKeQ7EUZdwlNauBlKYJw5NkgSxdcY=","874jtys1PcMQlh+xWyez/GX8VZf1Q2+SLgin3ZVesJs=","nJpVgXxvXoP4WCPCfVkkbrFVrQCx+GMhhw8hXzf9qWQ=","HAxRn6mmX/krCA1udzGZdXX0XRkh+nVTXb1wxpAC3fc=","3/WBNrNaC94XEwtSyvhYhZzvyxtImHFHzzA+98mnFJE=","Y7tLz3ivndIsVljwtQ0vAF7t2ycpMFF2wXaeCrqKLoI=","bRnagUVg2tvnlhjrxQo0lnRO3HzK+ilAk91Nm3E8b4U=","7GBwqY9FKL+uqrBakiYiRIQSq2vdDFdDC5LzsiuRG04=","hUbQjR8IPojUE4V7l6sms/vlSlXhGAMguK6x3YwL4OI=","ajnt52t9ecBn9QccskX9n/SyfUQz1Yoq2aXDqxMJbkw=","kRu86tRl6VcylYzmC0EIncq64AahvNbudcsW6wx68G4=","ClH0xMhlZkhtCDEXXU0t8Om4fSHdDt6Uypphvi9/jKo=","hj+8330pfJC4yCq87Jcahb+Ir3c+os1rZS8VEiQIHnQ=","GDCfpJU7pPp68evldeBdrHNfEEq3PN7Iwl/jBJ59K6Q=","v6hyjNAuT6ebWz7fBKlJx41X/5BozX7y9w5lKqurZ/k=","MVulJ6JqYkHl0WH1Rz9m6TAa1dnj+DSP63Wg6iBm+PQ=","xEV0r3eRvJgpq5XhCzZn4l1PRW1KzK0VAF2dxQgPKhk=","62YUYIlFYeONdlF9zLSeu18JXll3r7/tmiPFXdhZ2o8=","LuAZy6lgmt964cvpa6MSCjHQs1tarX9HnYlOknufkGk=","L/xLLf77emmi5x2uTK0j52fHnXtXpSHwSYMcmCuDuQ8=","qWScv5CHttIp4B7X9fN37WgeoNswWpY6NrsrLPR3mCo=","EiP/oriBZtqAykFI9E3/x0viDZPWI6rmNypXfg1Zksc=","1GBCZF/uz4K7nxbmD9gHBVHgUGw6dJbmU3eajWXOua4=","Dvsnuk4BJ6NjGaAKKbFmFFz6fHOQ6//F9ATZCH4/l+w=","yhip7wijpI/i5BMun6azx8kaZjtUJYfuSijHWZa9q04=","8dccYvC8450fE40haZdQfhykhtv9gPABvfOY1ZGITYc=","MUUe5YEGsFrrkzLglthju+HgOeHlyZRqaMvjUkyQ2p0=","cR0FMAEuPxNEe0TrpNH1AB0zuCtNs+Fdba3Kytjzofs=","34Pd69A7XAzxHaq29dRoIAyCJKTcXA5MO4XeapbP50Y=","60iwR7BDdD0SG+VAq9WbJdykASUJ6OLmS0N+3SjQlpc=","S4EQ5VWvKl+S7CKoOZLpXHKbMeXCZZfd98JFekqzRVo=","WYh06YkFvFf9DsG43Wqt3nQZgGwptOn2VKzCXapX/dk=","b5OBCeY10QrAXVijpPdrlV+P/8ua4u8ovw52WnNdQN8=","7hMCJo5DaVMig/n1lWU/z4m0RX3pF4xgVlg2uf7Rj0Y=","edsWnNySaAPlwdVTCwyKKYTqblB6TocpZDa+uXEpWks=","RqYzEAHey0KLrUaS48pZnN9Jq1XMXY8dpbcY49Dmhvg=","FuUV7GkvG5t6GuMfCEjcsyxZ5vFy8VabBbpqIlXbU4E=","U21wwy40Rsoxpoa7kHs07qYCO5ryv3s3Z6MUVD+UlTY=","jAA1z9LEYSMHe/BwMr0L09VJlnuqQqgTHfl9evbvsOc=","B3nJ4PPOkG9/aMWEv6BBB8xgJrJJf3mHX5mM9IMLvMI=","4ihb98qYKk3e8DlmUGlbxIrWqU8pflRmRVbYrNevnlM=","85uWZg9Wo6ZSNmT9HKUEdjkdTZHk8fuhpsVjNCuWOJ0=","s7DgzBvl6Ys1UFL1CqEgXL9W0PVJM02OQktx5xnDf44=","+6BCvuOTnuhKw+jdcIVAdyM808TdBA/Oi0+zj//kEdA=","wVz1x72VsW8h/BhtToyjVF1PPEM3QChJ2bfiheC69zU=","fapfc3RHIdVSAjv3DfEql+Zl04dmjbt8244QzP0OMyU=","arqDj8TTmcJZhdw3wpyCeNLk8IROMAVGvbPRa5t2hF4=","i7wiHKaIah4tpqsjbe0p1nTAWKZT9x8XPPE/JlloV2g="],"block_size":4096,"path":"jquery-ui.min.js"},{"block_hashes":["sXQ7NXW8p+9jzQkUX9hDFhrGno34n+0m1I6c4Nl7BXs=","xgBPW2dHDxXNsP+6BBC11+0TXlzihcRyOpuEpNuoDKg=","rI1I1chEzcvwoU3MgYiyUdgO6+Je8SyA36oe/KI53xw=","9brcfjKiu6DzaEdYeFu2qHqKnvEewQEnwaKbqtdKJXs=","kerYiPfV1ESN/vXqFywiZFDZ7Z7QoR3bGo5VJuWkCA0=","u+QcMhhWN5GkXBQwq8/h5HrCG/MCHt+MczmCyMx/l8w=","lu0AK/L9fiwlOc+XNfzER2YxLPCMIzG/NThUZ7cVIhA=","lIw1iTtyChBqgtjbwf0LPQDMR6RE75PFb3w8FiGb4As=","OdD5++nNYiu6mG16zqNxPazQ5my5zztQ6TpC94U2ln0=","hZhB3v+Xsu03RjKGf7lOtnsjXjjAkU1+QSl489v6KtI=","PvndAuEX+EEq7l1ePmczyBcpIGV8LKxNX+1SKLvZzUE=","C8rspeyk2JBbbg2bwQ38KSOGtt9yK7nx/G8fkzqhr6E=","W5EylAD5TtgvCdrZjCu8CRt+ErSayDq2cCOV0i5S5Lc=","xTIqvfvN68PdPzaGSKgql9cmWlzMdoTUjxNbkkPHV2E=","7kUmodutKOn32YOUIhnILS1GmmnaT0Wz14/Q/cM9Mao=","8pSxenYmUZBcnXQ9IW9Xj5S67GxAwR910T1ZdFqF2B4=","rHZmoWCq1k937+tV28MyPuJXrGqWSjYBTcMdh+KASJI=","m2Q6p9B9mW+9IT3F6yUrbDh+ddtNNMFFCcuPB+ERTco=","Buvxi746NmaGKR8aPGi/dUXiWnka4x2EQ/0tb9ip77I=","/B8e54n3Xuqnom1dde7zlZw6l3VVbVD/Q2hrUxEkNig=","dCopXPQ7w0mS/n8F/UrUpppXV0AUvnrbKKCiamzxRKU=","/K+FKpu7ycNcVCYHgD6ReIzQwHuEauEbQmIzoKWRoIY=","vejy0qMs3pii86YEHQK6gH6dvemFlbyGqatDJAriVyE=","PKKv7HphROWnwHjEdcJMQuCWbTZl16h5E4jMM+3w6SQ="],"block_size":4096,"path":"jquery.min.js"},{"block_hashes":["U0NLLjscpyRqPNgWq8W9EQQMlCOsgmaTcSLOb0VWYTE="],"block_size":4096,"path":"jquery_ba_replacetext.js"},{"block_hashes":["VZUI9OpI1xLzUWCgOaBDAzkByLY2LjDYV8TMksyZ3hE="],"block_size":4096,"path":"notification.html"},{"block_hashes":["sFi0wBYRzyWDCJHRNIiMgYR98O5yy/fSM6JVd7TtLLA="],"block_size":4096,"path":"notification.js"},{"block_hashes":["av0KfoTiFdHc+LWsFgM8ReN0ki+ef/OtcEVhUlvtadQ=","LDMZeMnSV/uho3UdKFBDDTJmsfWCvzK61TATvhTmjEY="],"block_size":4096,"path":"options.js"},{"block_hashes":["4IQ9jqhtYFwJ874FTPFarhL/c73SKiEwPkEFg9ROu38=","KrLs/QHMS4nFvYsk6MLyqYGODiHPB7zeFUT9ryZb7yE=","J0CswJxXk50L2XuEw2jNC8w9pshs+eXksSGXZDu+5Nk=","dBu6A7VRCvZmh4Z5BCFY6M6itUJUW/U+42Q53/6Mcgs=","Pw90GKTwCXRZnK2Kk9g8Cuw/oAvOTShZfetsOfAsrY0="],"block_size":4096,"path":"page.js"},{"block_hashes":["EGCkzj5OtvUNJSyLeo/v2va+9/dprndfvbhBx5Navkw=","DEnLI3MqgeLVJdYfFAvGQ8FjmiSoIEtK3M1gPlK68Oc="],"block_size":4096,"path":"page_context.js"},{"block_hashes":["Gcfo2RBIFejklHwaUudV6aJn4vdliVsNusuQly/TfDA="],"block_size":4096,"path":"popup.html"},{"block_hashes":["RE4PDrDII6UR2EkPj4fz5gtKvmjrtE2aecUAoRlFuYc=","pQR+ROfdrm/qsGoy/GfNoKtrNv+y8GNA6+U4z5I5jOY="],"block_size":4096,"path":"popup.js"},{"block_hashes":["BQFk41LdQ7jNa9LSEcNNz0L1OGO4X+GVKsxBtgCFXsg="],"block_size":4096,"path":"sha1.js"},{"block_hashes":["cZBfmf0gRhdjhOuVjI7eoXJUdG+XcckINRZAIcn0sQA="],"block_size":4096,"path":"shortcut.js"},{"block_hashes":["tMz8hxA/s2xC1wPQwodei8k0GdEK8QxotRJgUXmp2+w=","PcajcrbC33ZFNjq1VNBMkeAIYQ79gphOnV+3zE59vXQ=","c1KYiGaDiyjY/wz8dr+XOZWRpNpvRUFbgl4T2BsnNRY="],"block_size":4096,"path":"showimage.css"},{"block_hashes":["aRsuGrDeletL78FLR8foTTiTm5ioYFjIEkqYxUg8pv0=","K2TukBaYWf76FCFVzeY+Y8WIMF8MzL7siJc0twNgSXo="],"block_size":4096,"path":"showimage.html"},{"block_hashes":["fXumSBaXUB53n9A/v1sxg+CiDIgTWaIH5jFYkMp2ZAU=","6iwbomEtk8cJp6S4EIGckmrKCZaeaK6JT+1DZliEV9g=","DY3LyVofR1rqOgzR4OjlmPRKaEDx75XzSs8U8l7hiFI=","4YkfbGVcX/+nJgqYdliP+hIch33BmuJ8oegFjEdirPs=","yhpCQB+kIQx9pVfPSk/ABQg+sadNwDSaSSIyh+qY/UI=","x2z8VgTK3v9lqJSPV/QvvphDDQn/QVCATIwM7CtIkIM="],"block_size":4096,"path":"showimage.js"},{"block_hashes":["EOhF5y2KNrN304a7/f3JqR1vpZBAf0OtfSeTGPVl0+k="],"block_size":4096,"path":"style.css"},{"block_hashes":["UMIdkmW12zJVFcBFnizFu0rukKFPV4LKcl2DBo9QnbI="],"block_size":4096,"path":"ui.js"}],"version":2}